iter	Logloss
0	0.6923902396
1	0.6912847658
2	0.6904391861
